{
  "kirill20.04.2002@yandex.ru": {
    "cookies": [
      {
        "comment": null,
        "comment_url": null,
        "discard": false,
        "domain": ".login.vk.com",
        "domain_initial_dot": false,
        "domain_specified": true,
        "expires": null,
        "name": "p",
        "path": "/",
        "path_specified": true,
        "port": null,
        "port_specified": false,
        "rest": {
          "HttpOnly": null
        },
        "rfc2109": false,
        "secure": true,
        "value": "vk1.a.5PPQDJ-rfo7jzhSvNdurbDJHQ1bC-pHFCyqzDlK_Oi_GaSA5CdaIteSP3WuyCsw0FpKXO21iX8FfWuK-DSTgRxM81YQXeJBMMAv66449OKcPj7dL2_X70jtO977odgjk059pC6k9kyuFMzqIIlzDLJiYBdWcewOmweWOMepBpHE",
        "version": 0
      },
      {
        "comment": null,
        "comment_url": null,
        "discard": false,
        "domain": ".login.vk.com",
        "domain_initial_dot": false,
        "domain_specified": true,
        "expires": null,
        "name": "s",
        "path": "/",
        "path_specified": true,
        "port": null,
        "port_specified": false,
        "rest": {
          "HttpOnly": null
        },
        "rfc2109": false,
        "secure": true,
        "value": "1",
        "version": 0
      },
      {
        "comment": null,
        "comment_url": null,
        "discard": false,
        "domain": ".login.vk.ru",
        "domain_initial_dot": false,
        "domain_specified": true,
        "expires": null,
        "name": "p",
        "path": "/",
        "path_specified": true,
        "port": null,
        "port_specified": false,
        "rest": {
          "HttpOnly": null
        },
        "rfc2109": false,
        "secure": true,
        "value": "vk1.a.5PPQDJ-rfo7jzhSvNdurbDJHQ1bC-pHFCyqzDlK_Oi_GaSA5CdaIteSP3WuyCsw0FpKXO21iX8FfWuK-DSTgRxM81YQXeJBMMAv66449OKcPj7dL2_X70jtO977odgjk059pC6k9kyuFMzqIIlzDLJiYBdWcewOmweWOMepBpHE",
        "version": 0
      },
      {
        "comment": null,
        "comment_url": null,
        "discard": false,
        "domain": ".login.vk.ru",
        "domain_initial_dot": false,
        "domain_specified": true,
        "expires": null,
        "name": "s",
        "path": "/",
        "path_specified": true,
        "port": null,
        "port_specified": false,
        "rest": {
          "HttpOnly": null
        },
        "rfc2109": false,
        "secure": true,
        "value": "1",
        "version": 0
      },
      {
        "comment": null,
        "comment_url": null,
        "discard": false,
        "domain": ".vk.com",
        "domain_initial_dot": true,
        "domain_specified": true,
        "expires": null,
        "name": "remixdmgr",
        "path": "/",
        "path_specified": true,
        "port": null,
        "port_specified": false,
        "rest": {
          "HttpOnly": null
        },
        "rfc2109": false,
        "secure": true,
        "value": "5439e328e64387999e5b9e5652dce594b06ddc7826f36ec73a801ee34824807e",
        "version": 0
      },
      {
        "comment": null,
        "comment_url": null,
        "discard": false,
        "domain": ".vk.com",
        "domain_initial_dot": true,
        "domain_specified": true,
        "expires": null,
        "name": "remixdmgr_tmp",
        "path": "/",
        "path_specified": true,
        "port": null,
        "port_specified": false,
        "rest": {
          "HttpOnly": null
        },
        "rfc2109": false,
        "secure": true,
        "value": "339d965a33c32c8c842cd34a75dfa979a5da77c662b8f02f3f5d48341d0d11aa",
        "version": 0
      },
      {
        "comment": null,
        "comment_url": null,
        "discard": false,
        "domain": ".vk.com",
        "domain_initial_dot": true,
        "domain_specified": true,
        "expires": null,
        "name": "remixlang",
        "path": "/",
        "path_specified": true,
        "port": null,
        "port_specified": false,
        "rest": {},
        "rfc2109": false,
        "secure": false,
        "value": "0",
        "version": 0
      },
      {
        "comment": null,
        "comment_url": null,
        "discard": false,
        "domain": ".vk.com",
        "domain_initial_dot": true,
        "domain_specified": true,
        "expires": null,
        "name": "remixsid",
        "path": "/",
        "path_specified": true,
        "port": null,
        "port_specified": false,
        "rest": {
          "HttpOnly": null
        },
        "rfc2109": false,
        "secure": true,
        "value": "1_LRYHE2k8aQt-MpyGGG0AEqo5JR2VohAdvk7rJMX_hfXnT-hxp909g1wbPftvyZZaSfGw51d0tRjRPds16sh-_Q",
        "version": 0
      },
      {
        "comment": null,
        "comment_url": null,
        "discard": false,
        "domain": ".vk.com",
        "domain_initial_dot": true,
        "domain_specified": true,
        "expires": null,
        "name": "remixstid",
        "path": "/",
        "path_specified": true,
        "port": null,
        "port_specified": false,
        "rest": {},
        "rfc2109": false,
        "secure": true,
        "value": "1178891760_WK7g5bxGAs1zHEX3WcN2fnZNzk8TRRL9caZzycpDnwz",
        "version": 0
      },
      {
        "comment": null,
        "comment_url": null,
        "discard": false,
        "domain": ".vk.com",
        "domain_initial_dot": true,
        "domain_specified": true,
        "expires": null,
        "name": "remixstlid",
        "path": "/",
        "path_specified": true,
        "port": null,
        "port_specified": false,
        "rest": {},
        "rfc2109": false,
        "secure": true,
        "value": "9079757406562480712_I0MMAdhb1Bc8lRzr3eMzxwTTP9ws9i9gWTPT6SiPR9L",
        "version": 0
      },
      {
        "comment": null,
        "comment_url": null,
        "discard": false,
        "domain": ".vk.com",
        "domain_initial_dot": true,
        "domain_specified": true,
        "expires": null,
        "name": "remixttpid",
        "path": "/",
        "path_specified": true,
        "port": null,
        "port_specified": false,
        "rest": {
          "HttpOnly": null
        },
        "rfc2109": false,
        "secure": true,
        "value": "5fd3112f0ffd45a9e8771bb3b23a4e9f997358cd20",
        "version": 0
      },
      {
        "comment": null,
        "comment_url": null,
        "discard": false,
        "domain": ".vk.com",
        "domain_initial_dot": true,
        "domain_specified": true,
        "expires": null,
        "name": "remixua",
        "path": "/",
        "path_specified": true,
        "port": null,
        "port_specified": false,
        "rest": {},
        "rfc2109": false,
        "secure": true,
        "value": "41%7C-1%7C310%7C3683197456",
        "version": 0
      },
      {
        "comment": null,
        "comment_url": null,
        "discard": false,
        "domain": ".vk.ru",
        "domain_initial_dot": true,
        "domain_specified": true,
        "expires": null,
        "name": "remixdmgr",
        "path": "/",
        "path_specified": true,
        "port": null,
        "port_specified": false,
        "rest": {
          "HttpOnly": null
        },
        "rfc2109": false,
        "secure": true,
        "value": "29fe7b9b8773c23bf2d36ab4068be108526cec9b5261c36fc9da1ff5499bc1a8",
        "version": 0
      },
      {
        "comment": null,
        "comment_url": null,
        "discard": false,
        "domain": ".vk.ru",
        "domain_initial_dot": true,
        "domain_specified": true,
        "expires": null,
        "name": "remixlang",
        "path": "/",
        "path_specified": true,
        "port": null,
        "port_specified": false,
        "rest": {},
        "rfc2109": false,
        "secure": false,
        "value": "0",
        "version": 0
      },
      {
        "comment": null,
        "comment_url": null,
        "discard": false,
        "domain": ".vk.ru",
        "domain_initial_dot": true,
        "domain_specified": true,
        "expires": null,
        "name": "remixsid",
        "path": "/",
        "path_specified": true,
        "port": null,
        "port_specified": false,
        "rest": {
          "HttpOnly": null
        },
        "rfc2109": false,
        "secure": true,
        "value": "1_LRYHE2k8aQt-MpyGGG0AEqo5JR2VohAdvk7rJMX_hfXnT-hxp909g1wbPftvyZZaSfGw51d0tRjRPds16sh-_Q",
        "version": 0
      },
      {
        "comment": null,
        "comment_url": null,
        "discard": false,
        "domain": ".vk.ru",
        "domain_initial_dot": true,
        "domain_specified": true,
        "expires": null,
        "name": "remixstlid",
        "path": "/",
        "path_specified": true,
        "port": null,
        "port_specified": false,
        "rest": {},
        "rfc2109": false,
        "secure": true,
        "value": "9114378828710236602_xhDdg7PaOGrawiyjWQpQuCKEiMClN9xnsBkkJhrRabT",
        "version": 0
      },
      {
        "comment": null,
        "comment_url": null,
        "discard": false,
        "domain": ".vk.ru",
        "domain_initial_dot": true,
        "domain_specified": true,
        "expires": null,
        "name": "remixttpid",
        "path": "/",
        "path_specified": true,
        "port": null,
        "port_specified": false,
        "rest": {
          "HttpOnly": null
        },
        "rfc2109": false,
        "secure": true,
        "value": "5fd3112f0ffd45a9e8771bb3b23a4e9f997358cd20",
        "version": 0
      },
      {
        "comment": null,
        "comment_url": null,
        "discard": false,
        "domain": "login.vk.com",
        "domain_initial_dot": false,
        "domain_specified": false,
        "expires": null,
        "name": "remixluas2",
        "path": "/",
        "path_specified": true,
        "port": null,
        "port_specified": false,
        "rest": {
          "HttpOnly": null
        },
        "rfc2109": false,
        "secure": true,
        "value": "MDMxMzkxNTUzOGExOTJmNmNkMjIyMTY3",
        "version": 0
      },
      {
        "comment": null,
        "comment_url": null,
        "discard": false,
        "domain": "vk.com",
        "domain_initial_dot": false,
        "domain_specified": false,
        "expires": null,
        "name": "remixluas2",
        "path": "/",
        "path_specified": true,
        "port": null,
        "port_specified": false,
        "rest": {
          "HttpOnly": null
        },
        "rfc2109": false,
        "secure": true,
        "value": "M2EwNjliNjdlNmNlYzZhZWU5ZGRmYjYz",
        "version": 0
      },
      {
        "comment": null,
        "comment_url": null,
        "discard": false,
        "domain": "vk.com",
        "domain_initial_dot": false,
        "domain_specified": false,
        "expires": null,
        "name": "remixnsid",
        "path": "/",
        "path_specified": true,
        "port": null,
        "port_specified": false,
        "rest": {
          "HttpOnly": null
        },
        "rfc2109": false,
        "secure": true,
        "value": "vk1.a.lN5gYSlc9gC6ftG9qZcjTc10Ou1BDekthWbt_P2DZ735ieyeXdTpqTrrceEIjs-aay0us7CegmYBP2Piqg6QLWuy6CpctrtGJUZLjGxphpCGOKyUa8RANU9AvFTu-7S6Tb1jhs3D0k9puQyu7FDC4dgFblGnUYCdJ0Z6n-nma3XJnKtOAsJC6vyx2bZylOhh",
        "version": 0
      }
    ],
    "token": {
      "app6222115": {
        "scope_140492255": {
          "access_token": "vk1.a.BFAHt954rQ4j3b2zd9yUS_t6DkAPa64dHDR180MAs-C0GXV4M-fjSzrzum8iThu37dMGeVoVklghegnq6e7hSJ_HgAWaGj2fwHtu62SwChwxLVPwf88NFSy-pfbUbAA3XHTx42FTnYszHOXZVegRrhb9GKnjibXRHdM28C6GMvA1x-5G60CEZr6GulEUYEf6",
          "email": "kirill20.04.2002@yandex.ru",
          "expires_in": "0",
          "user_id": "150924273"
        }
      }
    }
  }
}